insert into marvel_character (id, name, modified, resourceURI) values (1, 'Sig', CURRENT_TIMESTAMP(), 'https://loc.gov');
insert into marvel_character (id, name, modified, resourceURI) values (2, 'Yoshiko', CURRENT_TIMESTAMP(), 'https://mlb.com');
insert into marvel_character (id, name, modified, resourceURI) values (3, 'Hayes', CURRENT_TIMESTAMP(), 'https://ibm.com');
insert into marvel_character (id, name, modified, resourceURI) values (4, 'Bevvy', CURRENT_TIMESTAMP(), 'https://foxnews.com');
insert into marvel_character (id, name, modified, resourceURI) values (5, 'Zak', CURRENT_TIMESTAMP(), 'http://wikipedia.org');
insert into marvel_character (id, name, modified, resourceURI) values (6, 'Celeste', CURRENT_TIMESTAMP(), 'https://google.co.jp');
insert into marvel_character (id, name, modified, resourceURI) values (7, 'Ellen', CURRENT_TIMESTAMP(), 'http://nhs.uk');
insert into marvel_character (id, name, modified, resourceURI) values (8, 'Saxe', CURRENT_TIMESTAMP(), 'http://ocn.ne.jp');
insert into marvel_character (id, name, modified, resourceURI) values (9, 'Cosme', CURRENT_TIMESTAMP(), 'http://mysql.com');
insert into marvel_character (id, name, modified, resourceURI) values (10, 'Agathe', CURRENT_TIMESTAMP(), 'https://blogs.com');
insert into marvel_character (id, name, modified, resourceURI) values (11, 'Drucie', CURRENT_TIMESTAMP(), 'https://opensource.org');
insert into marvel_character (id, name, modified, resourceURI) values (12, 'Tamara', CURRENT_TIMESTAMP(), 'https://cisco.com');
insert into marvel_character (id, name, modified, resourceURI) values (13, 'Doralynne', CURRENT_TIMESTAMP(), 'http://usda.gov');
insert into marvel_character (id, name, modified, resourceURI) values (14, 'Reider', CURRENT_TIMESTAMP(), 'https://vk.com');
insert into marvel_character (id, name, modified, resourceURI) values (15, 'Billi', CURRENT_TIMESTAMP(), 'http://ebay.co.uk');
insert into marvel_character (id, name, modified, resourceURI) values (16, 'Kyla', CURRENT_TIMESTAMP(), 'https://themeforest.net');
insert into marvel_character (id, name, modified, resourceURI) values (17, 'Shirlene', CURRENT_TIMESTAMP(), 'http://paypal.com');
insert into marvel_character (id, name, modified, resourceURI) values (18, 'Cariotta', CURRENT_TIMESTAMP(), 'https://fc2.com');
insert into marvel_character (id, name, modified, resourceURI) values (19, 'Torie', CURRENT_TIMESTAMP(), 'https://washingtonpost.com');
insert into marvel_character (id, name, modified, resourceURI) values (20, 'Dame', CURRENT_TIMESTAMP(), 'http://xrea.com');
insert into url (id, type, url, character_id) values (1, 'Blogspan', 'http://vk.com/ut/rhoncus.jpg', 4);
insert into url (id, type, url, character_id) values (2, 'Brainverse', 'http://go.com/non/mi/integer/ac/neque.jpg', 19);
insert into url (id, type, url, character_id) values (3, 'Fivespan', 'https://fema.gov/in/faucibus/orci.json', 10);
insert into url (id, type, url, character_id) values (4, 'Livefish', 'http://mashable.com/ridiculus/mus/vivamus/vestibulum/sagittis.aspx', 2);
insert into url (id, type, url, character_id) values (5, 'Skipfire', 'https://abc.net.au/ut/massa.html', 7);
insert into url (id, type, url, character_id) values (6, 'Topicware', 'http://vkontakte.ru/aliquet.jsp', 14);
insert into url (id, type, url, character_id) values (7, 'Skibox', 'http://intel.com/rhoncus/dui/vel.aspx', 10);
insert into url (id, type, url, character_id) values (8, 'Zoonder', 'http://icio.us/odio/consequat/varius/integer.xml', 14);
insert into url (id, type, url, character_id) values (9, 'Photobean', 'https://nasa.gov/sit/amet.aspx', 16);
insert into url (id, type, url, character_id) values (10, 'Voomm', 'http://livejournal.com/erat/tortor.xml', 16);
insert into url (id, type, url, character_id) values (11, 'Lazz', 'http://dailymotion.com/nunc/donec.png', 8);
insert into url (id, type, url, character_id) values (12, 'Zazio', 'https://g.co/pretium/nisl/ut/volutpat/sapien/arcu.html', 12);
insert into url (id, type, url, character_id) values (13, 'Flipopia', 'http://yahoo.com/erat/vestibulum/sed/magna/at.xml', 19);
insert into url (id, type, url, character_id) values (14, 'Zooveo', 'https://godaddy.com/eleifend.aspx', 15);
insert into url (id, type, url, character_id) values (15, 'Pixope', 'http://goo.gl/venenatis/non/sodales/sed/tincidunt/eu.html', 5);
insert into url (id, type, url, character_id) values (16, 'Aivee', 'http://yandex.ru/in/leo/maecenas/pulvinar/lobortis/est.json', 18);
insert into url (id, type, url, character_id) values (17, 'Rhynyx', 'http://sfgate.com/id/turpis/integer.js', 1);
insert into url (id, type, url, character_id) values (18, 'Zoombox', 'https://tiny.cc/ullamcorper/purus/sit/amet/nulla/quisque/arcu.xml', 16);
insert into url (id, type, url, character_id) values (19, 'Nlounge', 'http://dmoz.org/ultrices/enim/lorem/ipsum/dolor/sit/amet.jsp', 5);
insert into url (id, type, url, character_id) values (20, 'Tagfeed', 'https://nytimes.com/ut/erat/id/mauris.js', 20);
insert into url (id, type, url, character_id) values (21, 'InnoZ', 'http://lycos.com/suscipit.png', 1);
insert into url (id, type, url, character_id) values (22, 'Shufflebeat', 'https://indiegogo.com/odio/consequat/varius/integer/ac/leo/pellentesque.jsp', 18);
insert into url (id, type, url, character_id) values (23, 'Abatz', 'https://alibaba.com/facilisi/cras.png', 7);
insert into url (id, type, url, character_id) values (24, 'Yamia', 'https://devhub.com/eget.jpg', 16);
insert into url (id, type, url, character_id) values (25, 'Midel', 'http://answers.com/nunc/commodo/placerat/praesent.xml', 5);
insert into url (id, type, url, character_id) values (26, 'Riffwire', 'https://canalblog.com/at/dolor/quis/odio/consequat/varius.json', 3);
insert into url (id, type, url, character_id) values (27, 'Browsedrive', 'http://google.fr/primis/in/faucibus/orci/luctus.xml', 13);
insert into url (id, type, url, character_id) values (28, 'Twitterwire', 'http://comcast.net/bibendum/morbi/non/quam/nec/dui/luctus.html', 1);
insert into url (id, type, url, character_id) values (29, 'Skyble', 'http://creativecommons.org/et/magnis/dis.js', 14);
insert into url (id, type, url, character_id) values (30, 'Miboo', 'http://tinyurl.com/in/hac/habitasse/platea/dictumst.jsp', 16);
insert into url (id, type, url, character_id) values (31, 'Oyoloo', 'http://phpbb.com/at/turpis/donec/posuere/metus/vitae/ipsum.jsp', 15);
insert into url (id, type, url, character_id) values (32, 'Photobug', 'http://mit.edu/fusce/congue/diam/id.jpg', 16);
insert into url (id, type, url, character_id) values (33, 'Eire', 'http://mtv.com/sollicitudin.json', 4);
insert into url (id, type, url, character_id) values (34, 'Jaloo', 'http://devhub.com/turpis/eget/elit/sodales/scelerisque.aspx', 17);
insert into url (id, type, url, character_id) values (35, 'Tagopia', 'http://aboutads.info/dolor/vel/est.jpg', 15);
insert into url (id, type, url, character_id) values (36, 'Bluejam', 'http://biglobe.ne.jp/turpis.json', 1);
insert into url (id, type, url, character_id) values (37, 'Tagpad', 'https://accuweather.com/faucibus/cursus.jsp', 16);
insert into url (id, type, url, character_id) values (38, 'Mybuzz', 'http://kickstarter.com/neque/sapien/placerat/ante/nulla/justo/aliquam.jpg', 5);
insert into url (id, type, url, character_id) values (39, 'Shuffletag', 'http://nifty.com/in/lectus/pellentesque/at/nulla/suspendisse/potenti.json', 9);
insert into url (id, type, url, character_id) values (40, 'Centizu', 'http://ted.com/eget/congue/eget.aspx', 14);
insert into image (id, path, extension, character_id) values (1, 'http://dummyimage.com/142x100.png/ff4444/ffffff', 'audio/x-mpeg-3', 1);
insert into image (id, path, extension, character_id) values (2, 'http://dummyimage.com/140x100.png/dddddd/000000', 'text/plain', 2);
insert into image (id, path, extension, character_id) values (3, 'http://dummyimage.com/155x100.png/cc0000/ffffff', 'application/vnd.ms-powerpoint', 3);
insert into image (id, path, extension, character_id) values (4, 'http://dummyimage.com/102x100.png/ff4444/ffffff', 'image/pjpeg', 4);
insert into image (id, path, extension, character_id) values (5, 'http://dummyimage.com/182x100.png/5fa2dd/ffffff', 'application/pdf', 5);
insert into image (id, path, extension, character_id) values (6, 'http://dummyimage.com/126x100.png/cc0000/ffffff', 'video/mpeg', 6);
insert into image (id, path, extension, character_id) values (7, 'http://dummyimage.com/162x100.png/cc0000/ffffff', 'application/mspowerpoint', 7);
insert into image (id, path, extension, character_id) values (8, 'http://dummyimage.com/220x100.png/cc0000/ffffff', 'video/mpeg', 8);
insert into image (id, path, extension, character_id) values (9, 'http://dummyimage.com/104x100.png/5fa2dd/ffffff', 'video/x-msvideo', 9);
insert into image (id, path, extension, character_id) values (10, 'http://dummyimage.com/146x100.png/cc0000/ffffff', 'video/avi', 10);
insert into image (id, path, extension, character_id) values (11, 'http://dummyimage.com/145x100.png/dddddd/000000', 'application/mspowerpoint', 11);
insert into image (id, path, extension, character_id) values (12, 'http://dummyimage.com/126x100.png/ff4444/ffffff', 'application/pdf', 12);
insert into image (id, path, extension, character_id) values (13, 'http://dummyimage.com/128x100.png/5fa2dd/ffffff', 'audio/x-mpeg-3', 13);
insert into image (id, path, extension, character_id) values (14, 'http://dummyimage.com/185x100.png/ff4444/ffffff', 'video/x-msvideo', 14);
insert into image (id, path, extension, character_id) values (15, 'http://dummyimage.com/213x100.png/ff4444/ffffff', 'image/jpeg', 15);
insert into image (id, path, extension, character_id) values (16, 'http://dummyimage.com/221x100.png/cc0000/ffffff', 'application/x-msexcel', 16);
insert into image (id, path, extension, character_id) values (17, 'http://dummyimage.com/249x100.png/ff4444/ffffff', 'application/pdf', 17);
insert into image (id, path, extension, character_id) values (18, 'http://dummyimage.com/181x100.png/cc0000/ffffff', 'video/msvideo', 18);
insert into image (id, path, extension, character_id) values (19, 'http://dummyimage.com/133x100.png/cc0000/ffffff', 'application/x-excel', 19);
insert into image (id, path, extension, character_id) values (20, 'http://dummyimage.com/199x100.png/dddddd/000000', 'image/tiff', 20);
insert into comic_list (id, available, returned, collection_uri, character_id) values (1, 8210, 198, 'goo.ne.jp/erat.aspx', 1);
insert into comic_list (id, available, returned, collection_uri, character_id) values (2, 3894, 360, 'zdnet.com/magna/at.xml', 2);
insert into comic_list (id, available, returned, collection_uri, character_id) values (3, 14912, 669, 'hud.gov/quis/orci.html', 3);
insert into comic_list (id, available, returned, collection_uri, character_id) values (4, 12940, 756, 'techcrunch.com/est/et/tempus.jpg', 4);
insert into comic_list (id, available, returned, collection_uri, character_id) values (5, 6276, 935, 'canalblog.com/pede/ullamcorper/augue/a.aspx', 5);
insert into comic_list (id, available, returned, collection_uri, character_id) values (6, 13813, 477, 'nih.gov/leo/odio/porttitor/id/consequat/in.xml', 6);
insert into comic_list (id, available, returned, collection_uri, character_id) values (7, 10546, 95, 'intel.com/hac.json', 7);
insert into comic_list (id, available, returned, collection_uri, character_id) values (8, 16900, 590, 'reference.com/duis/bibendum/felis/sed/interdum.aspx', 8);
insert into comic_list (id, available, returned, collection_uri, character_id) values (9, 11024, 761, 'tinypic.com/justo/in/blandit/ultrices/enim/lorem.js', 9);
insert into comic_list (id, available, returned, collection_uri, character_id) values (10, 19621, 699, 'ca.gov/in/sapien.aspx', 10);
insert into comic_list (id, available, returned, collection_uri, character_id) values (11, 10382, 895, 'msn.com/tincidunt/eu/felis/fusce/posuere.png', 11);
insert into comic_list (id, available, returned, collection_uri, character_id) values (12, 5024, 917, 'baidu.com/nibh/ligula.html', 12);
insert into comic_list (id, available, returned, collection_uri, character_id) values (13, 17414, 824, 'altervista.org/augue/vel.aspx', 13);
insert into comic_list (id, available, returned, collection_uri, character_id) values (14, 18988, 815, 'unesco.org/ante/vestibulum/ante/ipsum/primis/in/faucibus.xml', 14);
insert into comic_list (id, available, returned, collection_uri, character_id) values (15, 14195, 31, 'ox.ac.uk/non/interdum.jpg', 15);
insert into comic_list (id, available, returned, collection_uri, character_id) values (16, 7015, 708, 'answers.com/duis/bibendum/felis/sed/interdum.json', 16);
insert into comic_list (id, available, returned, collection_uri, character_id) values (17, 18923, 442, 'parallels.com/hendrerit/at/vulputate.json', 17);
insert into comic_list (id, available, returned, collection_uri, character_id) values (18, 1054, 523, 'seesaa.net/sed/lacus/morbi/sem/mauris/laoreet.json', 18);
insert into comic_list (id, available, returned, collection_uri, character_id) values (19, 17542, 490, 'spotify.com/nulla/tellus/in/sagittis/dui/vel/nisl.jpg', 19);
insert into comic_list (id, available, returned, collection_uri, character_id) values (20, 16491, 718, 'usa.gov/nam/nulla.jsp', 20);
insert into comic_summary (id, resourceURI, name, comic_list_id) values (1, 'youtu.be/eget/elit.png', 'Trudeo', 19);
insert into comic_summary (id, resourceURI, name, comic_list_id) values (2, 'furl.net/sit.png', 'Pixoboo', 12);
insert into comic_summary (id, resourceURI, name, comic_list_id) values (3, 'washington.edu/ante/vivamus/tortor.json', 'Dabtype', 1);
insert into comic_summary (id, resourceURI, name, comic_list_id) values (4, 'sciencedaily.com/sit/amet/erat.aspx', 'Yodoo', 1);
insert into comic_summary (id, resourceURI, name, comic_list_id) values (5, 'wisc.edu/non/interdum/in.aspx', 'Gabvine', 5);
insert into comic_summary (id, resourceURI, name, comic_list_id) values (6, 'vistaprint.com/suscipit/a/feugiat/et.aspx', 'Layo', 16);
insert into comic_summary (id, resourceURI, name, comic_list_id) values (7, 'walmart.com/eleifend/quam/a/odio/in.json', 'Skilith', 17);
insert into comic_summary (id, resourceURI, name, comic_list_id) values (8, 'blogspot.com/maecenas/rhoncus.jsp', 'Twimbo', 9);
insert into comic_summary (id, resourceURI, name, comic_list_id) values (9, 'yelp.com/in/quis/justo/maecenas.js', 'Browseblab', 13);
insert into comic_summary (id, resourceURI, name, comic_list_id) values (10, 'tinypic.com/pretium/iaculis/diam.js', 'Wikido', 13);
insert into comic_summary (id, resourceURI, name, comic_list_id) values (11, 'mapquest.com/ipsum/dolor/sit/amet/consectetuer.aspx', 'Skynoodle', 17);
insert into comic_summary (id, resourceURI, name, comic_list_id) values (12, 'dyndns.org/tortor.js', 'Quinu', 9);
insert into comic_summary (id, resourceURI, name, comic_list_id) values (13, 'webnode.com/penatibus/et/magnis/dis/parturient.jpg', 'Jatri', 12);
insert into comic_summary (id, resourceURI, name, comic_list_id) values (14, 'telegraph.co.uk/tincidunt.json', 'Voonte', 8);
insert into comic_summary (id, resourceURI, name, comic_list_id) values (15, 'deliciousdays.com/sapien/urna/pretium/nisl/ut.png', 'Edgewire', 15);
insert into comic_summary (id, resourceURI, name, comic_list_id) values (16, 'utexas.edu/in.js', 'Quatz', 16);
insert into comic_summary (id, resourceURI, name, comic_list_id) values (17, 'toplist.cz/nunc/vestibulum/ante.js', 'Voomm', 17);
insert into comic_summary (id, resourceURI, name, comic_list_id) values (18, 'rediff.com/aliquam/augue/quam/sollicitudin/vitae/consectetuer.html', 'Youfeed', 7);
insert into comic_summary (id, resourceURI, name, comic_list_id) values (19, 'gov.uk/morbi/vestibulum/velit.html', 'Mynte', 10);
insert into comic_summary (id, resourceURI, name, comic_list_id) values (20, 'bloomberg.com/etiam/justo/etiam.html', 'Youtags', 18);
insert into comic_summary (id, resourceURI, name, comic_list_id) values (21, 'npr.org/ipsum/dolor/sit.jpg', 'Bluezoom', 12);
insert into comic_summary (id, resourceURI, name, comic_list_id) values (22, 'marriott.com/imperdiet/sapien/urna/pretium/nisl/ut.png', 'Trudoo', 20);
insert into comic_summary (id, resourceURI, name, comic_list_id) values (23, 'slashdot.org/sollicitudin/mi/sit.jsp', 'Riffwire', 11);
insert into comic_summary (id, resourceURI, name, comic_list_id) values (24, 'google.co.jp/ipsum/primis.json', 'Blogpad', 13);
insert into comic_summary (id, resourceURI, name, comic_list_id) values (25, 'mozilla.org/natoque.html', 'Yakidoo', 17);
insert into comic_summary (id, resourceURI, name, comic_list_id) values (26, 'lycos.com/duis.json', 'Shuffledrive', 18);
insert into comic_summary (id, resourceURI, name, comic_list_id) values (27, 'sohu.com/luctus/ultricies/eu/nibh/quisque/id.png', 'Demimbu', 11);
insert into comic_summary (id, resourceURI, name, comic_list_id) values (28, 'dion.ne.jp/nec/sem.jsp', 'Photobug', 10);
insert into comic_summary (id, resourceURI, name, comic_list_id) values (29, 'mac.com/ultricies/eu/nibh/quisque/id.png', 'Yodel', 18);
insert into comic_summary (id, resourceURI, name, comic_list_id) values (30, 'flavors.me/pede/malesuada/in.json', 'Thoughtbridge', 1);
insert into comic_summary (id, resourceURI, name, comic_list_id) values (31, 'gmpg.org/commodo/placerat/praesent.jsp', 'Linkbuzz', 5);
insert into comic_summary (id, resourceURI, name, comic_list_id) values (32, 'eepurl.com/rutrum/at/lorem.html', 'Topiczoom', 14);
insert into comic_summary (id, resourceURI, name, comic_list_id) values (33, 'creativecommons.org/sit/amet/turpis/elementum.jpg', 'Kwinu', 2);
insert into comic_summary (id, resourceURI, name, comic_list_id) values (34, 'twitpic.com/sollicitudin/mi.xml', 'Blognation', 8);
insert into comic_summary (id, resourceURI, name, comic_list_id) values (35, 'reverbnation.com/nulla/sed/accumsan/felis.json', 'Janyx', 5);
insert into comic_summary (id, resourceURI, name, comic_list_id) values (36, 'ow.ly/massa/donec/dapibus/duis/at/velit.html', 'Jaxworks', 15);
insert into comic_summary (id, resourceURI, name, comic_list_id) values (37, 'ehow.com/at/vulputate/vitae/nisl/aenean.js', 'Demizz', 1);
insert into comic_summary (id, resourceURI, name, comic_list_id) values (38, 'google.it/pede/ac.aspx', 'Yadel', 5);
insert into comic_summary (id, resourceURI, name, comic_list_id) values (39, 'hc360.com/dui/vel.js', 'Zoombox', 1);
insert into comic_summary (id, resourceURI, name, comic_list_id) values (40, 'ucoz.com/amet/cursus/id/turpis.html', 'Roomm', 5);
insert into story_list (id, available, returned, collection_uri, character_id) values (1, 14784, 631, 'toplist.cz/nam.json', 1);
insert into story_list (id, available, returned, collection_uri, character_id) values (2, 5816, 898, 'nasa.gov/sollicitudin/vitae/consectetuer/eget/rutrum/at/lorem.xml', 2);
insert into story_list (id, available, returned, collection_uri, character_id) values (3, 2281, 620, 'wikipedia.org/in/sapien/iaculis/congue/vivamus/metus/arcu.png', 3);
insert into story_list (id, available, returned, collection_uri, character_id) values (4, 6509, 90, 'google.com/adipiscing/lorem/vitae/mattis/nibh/ligula/nec.js', 4);
insert into story_list (id, available, returned, collection_uri, character_id) values (5, 2445, 158, 'last.fm/sociis/natoque/penatibus/et/magnis/dis/parturient.js', 5);
insert into story_list (id, available, returned, collection_uri, character_id) values (6, 12262, 65, 'de.vu/ipsum/integer.json', 6);
insert into story_list (id, available, returned, collection_uri, character_id) values (7, 3303, 564, 'wufoo.com/mi.png', 7);
insert into story_list (id, available, returned, collection_uri, character_id) values (8, 4501, 708, 'java.com/platea/dictumst/maecenas.xml', 8);
insert into story_list (id, available, returned, collection_uri, character_id) values (9, 2679, 60, 'adobe.com/libero/convallis/eget/eleifend/luctus/ultricies.js', 9);
insert into story_list (id, available, returned, collection_uri, character_id) values (10, 8595, 705, 'arstechnica.com/ligula/sit/amet.jsp', 10);
insert into story_list (id, available, returned, collection_uri, character_id) values (11, 4806, 146, 'toplist.cz/nulla/nunc.jsp', 11);
insert into story_list (id, available, returned, collection_uri, character_id) values (12, 11862, 661, 'godaddy.com/lectus/suspendisse/potenti/in/eleifend/quam/a.html', 12);
insert into story_list (id, available, returned, collection_uri, character_id) values (13, 5442, 219, 'nyu.edu/et/eros/vestibulum/ac/est/lacinia.js', 13);
insert into story_list (id, available, returned, collection_uri, character_id) values (14, 6486, 724, 'bizjournals.com/in.png', 14);
insert into story_list (id, available, returned, collection_uri, character_id) values (15, 12009, 207, 'constantcontact.com/integer/a.png', 15);
insert into story_list (id, available, returned, collection_uri, character_id) values (16, 17504, 990, 'prweb.com/turpis/nec/euismod/scelerisque/quam/turpis.aspx', 16);
insert into story_list (id, available, returned, collection_uri, character_id) values (17, 3372, 48, 'printfriendly.com/vel/lectus/in.jpg', 17);
insert into story_list (id, available, returned, collection_uri, character_id) values (18, 14263, 211, 'myspace.com/eget/nunc/donec/quis/orci.js', 18);
insert into story_list (id, available, returned, collection_uri, character_id) values (19, 8529, 743, 'etsy.com/curae/donec/pharetra/magna/vestibulum/aliquet.json', 19);
insert into story_list (id, available, returned, collection_uri, character_id) values (20, 13398, 277, 'japanpost.jp/consequat/nulla.jsp', 20);
insert into story_summary (id, resourceURI, name, story_list_id) values (1, 'i2i.jp/aliquet/maecenas/leo/odio/condimentum.jsp', 'Wordware', 10);
insert into story_summary (id, resourceURI, name, story_list_id) values (2, 'squarespace.com/in.json', 'Voomm', 16);
insert into story_summary (id, resourceURI, name, story_list_id) values (3, 'wisc.edu/mi/integer/ac/neque/duis.json', 'Jabberbean', 17);
insert into story_summary (id, resourceURI, name, story_list_id) values (4, 'sciencedirect.com/ut/dolor/morbi/vel/lectus/in.jpg', 'Photospace', 13);
insert into story_summary (id, resourceURI, name, story_list_id) values (5, 'netvibes.com/integer/pede/justo/lacinia/eget/tincidunt.js', 'Bluejam', 7);
insert into story_summary (id, resourceURI, name, story_list_id) values (6, 'cisco.com/turpis/adipiscing/lorem/vitae.jsp', 'Skivee', 16);
insert into story_summary (id, resourceURI, name, story_list_id) values (7, 'github.com/varius/nulla/facilisi/cras.aspx', 'Npath', 20);
insert into story_summary (id, resourceURI, name, story_list_id) values (8, 'sciencedaily.com/primis/in/faucibus/orci/luctus.xml', 'Eare', 17);
insert into story_summary (id, resourceURI, name, story_list_id) values (9, 'chron.com/natoque/penatibus/et/magnis/dis/parturient.png', 'Dablist', 10);
insert into story_summary (id, resourceURI, name, story_list_id) values (10, 'businessweek.com/volutpat/erat.js', 'Youspan', 4);
insert into story_summary (id, resourceURI, name, story_list_id) values (11, 'auda.org.au/massa/donec/dapibus/duis/at/velit/eu.png', 'Thoughtstorm', 20);
insert into story_summary (id, resourceURI, name, story_list_id) values (12, 'icio.us/integer/a/nibh/in.html', 'Skiba', 13);
insert into story_summary (id, resourceURI, name, story_list_id) values (13, 'jugem.jp/hendrerit.html', 'Tazzy', 10);
insert into story_summary (id, resourceURI, name, story_list_id) values (14, 'wix.com/leo.png', 'Devpoint', 9);
insert into story_summary (id, resourceURI, name, story_list_id) values (15, 'cam.ac.uk/lorem.xml', 'Edgeblab', 18);
insert into story_summary (id, resourceURI, name, story_list_id) values (16, 'wordpress.com/platea/dictumst.js', 'Edgeify', 12);
insert into story_summary (id, resourceURI, name, story_list_id) values (17, 'icio.us/quis/tortor/id.xml', 'Edgeblab', 8);
insert into story_summary (id, resourceURI, name, story_list_id) values (18, 'phpbb.com/congue.jsp', 'Livetube', 14);
insert into story_summary (id, resourceURI, name, story_list_id) values (19, 'marketwatch.com/dictumst/maecenas.html', 'Blogtag', 10);
insert into story_summary (id, resourceURI, name, story_list_id) values (20, 'spotify.com/augue/a/suscipit/nulla/elit.json', 'Agivu', 20);
insert into story_summary (id, resourceURI, name, story_list_id) values (21, 'nasa.gov/lectus/pellentesque/eget/nunc.aspx', 'Eabox', 7);
insert into story_summary (id, resourceURI, name, story_list_id) values (22, 'cdc.gov/faucibus/cursus/urna/ut/tellus.jpg', 'Twitterworks', 14);
insert into story_summary (id, resourceURI, name, story_list_id) values (23, 'freewebs.com/aliquam/sit/amet/diam/in/magna/bibendum.jpg', 'Quamba', 5);
insert into story_summary (id, resourceURI, name, story_list_id) values (24, 'google.nl/ante/vivamus/tortor.xml', 'Innotype', 12);
insert into story_summary (id, resourceURI, name, story_list_id) values (25, 'theglobeandmail.com/quam/a.aspx', 'Aibox', 8);
insert into story_summary (id, resourceURI, name, story_list_id) values (26, 'bluehost.com/urna/ut/tellus.json', 'Mudo', 17);
insert into story_summary (id, resourceURI, name, story_list_id) values (27, 'so-net.ne.jp/eros/elementum/pellentesque/quisque.jsp', 'Jaxbean', 10);
insert into story_summary (id, resourceURI, name, story_list_id) values (28, 'rakuten.co.jp/lobortis/sapien/sapien/non/mi/integer.json', 'Edgeify', 2);
insert into story_summary (id, resourceURI, name, story_list_id) values (29, 'vimeo.com/ultricies.jpg', 'Zooxo', 18);
insert into story_summary (id, resourceURI, name, story_list_id) values (30, 'goo.ne.jp/at/velit/eu/est/congue.jpg', 'Twitterwire', 10);
insert into story_summary (id, resourceURI, name, story_list_id) values (31, 'eventbrite.com/enim/sit/amet/nunc.aspx', 'DabZ', 20);
insert into story_summary (id, resourceURI, name, story_list_id) values (32, 'google.de/lacus.jpg', 'Snaptags', 1);
insert into story_summary (id, resourceURI, name, story_list_id) values (33, 'ucoz.ru/sapien.html', 'Roodel', 1);
insert into story_summary (id, resourceURI, name, story_list_id) values (34, 'cocolog-nifty.com/tempus/sit.png', 'Zava', 3);
insert into story_summary (id, resourceURI, name, story_list_id) values (35, 'dedecms.com/proin/eu/mi/nulla.html', 'Roomm', 12);
insert into story_summary (id, resourceURI, name, story_list_id) values (36, 'europa.eu/sed.jpg', 'Jayo', 4);
insert into story_summary (id, resourceURI, name, story_list_id) values (37, 'nba.com/a.json', 'Avavee', 16);
insert into story_summary (id, resourceURI, name, story_list_id) values (38, 'economist.com/molestie.jsp', 'Miboo', 18);
insert into story_summary (id, resourceURI, name, story_list_id) values (39, 'vimeo.com/pellentesque/eget/nunc/donec/quis/orci.png', 'Kwimbee', 20);
insert into story_summary (id, resourceURI, name, story_list_id) values (40, 'naver.com/orci.html', 'Meezzy', 1);
insert into event_list (id, available, returned, collection_uri, character_id) values (1, 5946, 875, '51.la/porta/volutpat/quam/pede/lobortis/ligula/sit.json', 1);
insert into event_list (id, available, returned, collection_uri, character_id) values (2, 15621, 853, 'usnews.com/ac/diam/cras/pellentesque/volutpat/dui/maecenas.js', 2);
insert into event_list (id, available, returned, collection_uri, character_id) values (3, 15472, 206, 'canalblog.com/in/magna/bibendum/imperdiet/nullam/orci/pede.js', 3);
insert into event_list (id, available, returned, collection_uri, character_id) values (4, 15781, 420, 'goo.ne.jp/sem/praesent/id/massa/id.html', 4);
insert into event_list (id, available, returned, collection_uri, character_id) values (5, 4526, 925, 'clickbank.net/congue/risus/semper/porta.js', 5);
insert into event_list (id, available, returned, collection_uri, character_id) values (6, 16255, 951, 'engadget.com/pede/ullamcorper/augue/a/suscipit/nulla/elit.html', 6);
insert into event_list (id, available, returned, collection_uri, character_id) values (7, 9432, 799, 'infoseek.co.jp/vel/dapibus/at.json', 7);
insert into event_list (id, available, returned, collection_uri, character_id) values (8, 17865, 981, 'webmd.com/nisl/aenean/lectus.aspx', 8);
insert into event_list (id, available, returned, collection_uri, character_id) values (9, 16664, 58, 'statcounter.com/eget/eros/elementum/pellentesque/quisque.jpg', 9);
insert into event_list (id, available, returned, collection_uri, character_id) values (10, 14184, 910, 'chron.com/adipiscing/molestie/hendrerit/at/vulputate/vitae.xml', 10);
insert into event_list (id, available, returned, collection_uri, character_id) values (11, 14199, 374, 'blogs.com/sapien/urna/pretium/nisl/ut/volutpat/sapien.html', 11);
insert into event_list (id, available, returned, collection_uri, character_id) values (12, 10230, 703, 'live.com/enim/lorem/ipsum/dolor/sit.js', 12);
insert into event_list (id, available, returned, collection_uri, character_id) values (13, 2897, 262, 'imageshack.us/suspendisse/potenti/in/eleifend/quam/a.jpg', 13);
insert into event_list (id, available, returned, collection_uri, character_id) values (14, 8181, 104, 'businessweek.com/nisi/venenatis/tristique/fusce.jsp', 14);
insert into event_list (id, available, returned, collection_uri, character_id) values (15, 15361, 910, 'booking.com/morbi/vestibulum.jpg', 15);
insert into event_list (id, available, returned, collection_uri, character_id) values (16, 4895, 346, 'springer.com/convallis/tortor/risus/dapibus/augue/vel/accumsan.jsp', 16);
insert into event_list (id, available, returned, collection_uri, character_id) values (17, 18011, 61, 'goodreads.com/sed/lacus/morbi/sem.json', 17);
insert into event_list (id, available, returned, collection_uri, character_id) values (18, 8761, 910, 'fda.gov/nulla/eget/eros.jsp', 18);
insert into event_list (id, available, returned, collection_uri, character_id) values (19, 17903, 683, 'unesco.org/morbi/quis/tortor.xml', 19);
insert into event_list (id, available, returned, collection_uri, character_id) values (20, 5630, 980, 'gmpg.org/in/lacus/curabitur/at/ipsum/ac.html', 20);
insert into event_summary (id, resourceURI, name, event_list_id) values (1, 'hud.gov/ut/at/dolor.jpg', 'Rhybox', 18);
insert into event_summary (id, resourceURI, name, event_list_id) values (2, 'quantcast.com/in/tempor/turpis/nec.jpg', 'Brainbox', 19);
insert into event_summary (id, resourceURI, name, event_list_id) values (3, 'europa.eu/at/dolor/quis/odio/consequat.aspx', 'Yakitri', 15);
insert into event_summary (id, resourceURI, name, event_list_id) values (4, 'freewebs.com/lectus/suspendisse.html', 'Devpulse', 4);
insert into event_summary (id, resourceURI, name, event_list_id) values (5, 'vistaprint.com/nunc/nisl/duis/bibendum/felis/sed/interdum.json', 'Meevee', 15);
insert into event_summary (id, resourceURI, name, event_list_id) values (6, 'photobucket.com/ut/massa/quis/augue.png', 'Trudeo', 8);
insert into event_summary (id, resourceURI, name, event_list_id) values (7, 'hubpages.com/bibendum/imperdiet/nullam.xml', 'Youspan', 19);
insert into event_summary (id, resourceURI, name, event_list_id) values (8, 'japanpost.jp/ut/odio/cras/mi/pede/malesuada/in.jpg', 'Rhyzio', 7);
insert into event_summary (id, resourceURI, name, event_list_id) values (9, 'elegantthemes.com/nibh/in/lectus.jpg', 'Leexo', 11);
insert into event_summary (id, resourceURI, name, event_list_id) values (10, 'yelp.com/posuere/felis/sed/lacus/morbi/sem.xml', 'Agivu', 14);
insert into event_summary (id, resourceURI, name, event_list_id) values (11, 'usda.gov/viverra.html', 'Gabcube', 9);
insert into event_summary (id, resourceURI, name, event_list_id) values (12, 'craigslist.org/erat.xml', 'Midel', 5);
insert into event_summary (id, resourceURI, name, event_list_id) values (13, 'techcrunch.com/quisque/porta/volutpat/erat/quisque.png', 'Twitternation', 11);
insert into event_summary (id, resourceURI, name, event_list_id) values (14, '4shared.com/enim.xml', 'Zoomlounge', 2);
insert into event_summary (id, resourceURI, name, event_list_id) values (15, 'usa.gov/integer/ac/leo/pellentesque/ultrices.json', 'Plambee', 15);
insert into event_summary (id, resourceURI, name, event_list_id) values (16, 'ebay.com/sed/justo.js', 'Lazzy', 1);
insert into event_summary (id, resourceURI, name, event_list_id) values (17, 'mozilla.org/tristique/est/et/tempus.jsp', 'Dablist', 6);
insert into event_summary (id, resourceURI, name, event_list_id) values (18, 'symantec.com/venenatis/lacinia/aenean/sit/amet/justo/morbi.json', 'Babbleopia', 13);
insert into event_summary (id, resourceURI, name, event_list_id) values (19, 'mayoclinic.com/euismod/scelerisque/quam/turpis/adipiscing/lorem.jpg', 'Jabbertype', 15);
insert into event_summary (id, resourceURI, name, event_list_id) values (20, 'go.com/in/faucibus/orci/luctus/et.js', 'Gevee', 8);
insert into event_summary (id, resourceURI, name, event_list_id) values (21, 'weather.com/nec/molestie/sed.json', 'Blogspan', 12);
insert into event_summary (id, resourceURI, name, event_list_id) values (22, 'mtv.com/suspendisse.xml', 'Quimm', 12);
insert into event_summary (id, resourceURI, name, event_list_id) values (23, 'dropbox.com/ligula/sit/amet/eleifend/pede/libero/quis.jsp', 'Kayveo', 13);
insert into event_summary (id, resourceURI, name, event_list_id) values (24, 'ted.com/nibh/quisque/id/justo/sit.aspx', 'Flipbug', 3);
insert into event_summary (id, resourceURI, name, event_list_id) values (25, 'cafepress.com/lacinia/eget/tincidunt/eget/tempus/vel/pede.jpg', 'Aimbo', 15);
insert into event_summary (id, resourceURI, name, event_list_id) values (26, 'soundcloud.com/maecenas.html', 'Zoonoodle', 5);
insert into event_summary (id, resourceURI, name, event_list_id) values (27, 'lulu.com/at/velit.aspx', 'Blogtags', 9);
insert into event_summary (id, resourceURI, name, event_list_id) values (28, 'free.fr/lectus/pellentesque/eget/nunc/donec/quis/orci.aspx', 'Blognation', 18);
insert into event_summary (id, resourceURI, name, event_list_id) values (29, 'topsy.com/tempus/semper/est/quam.js', 'Kwilith', 7);
insert into event_summary (id, resourceURI, name, event_list_id) values (30, 'gizmodo.com/elementum/in/hac/habitasse.aspx', 'Skyba', 14);
insert into event_summary (id, resourceURI, name, event_list_id) values (31, 'ucsd.edu/sed/tincidunt/eu.json', 'Babblestorm', 16);
insert into event_summary (id, resourceURI, name, event_list_id) values (32, 'google.de/in/consequat/ut/nulla/sed/accumsan/felis.js', 'Yambee', 2);
insert into event_summary (id, resourceURI, name, event_list_id) values (33, 'google.cn/cubilia/curae.xml', 'Skibox', 9);
insert into event_summary (id, resourceURI, name, event_list_id) values (34, 'apple.com/ut/volutpat/sapien/arcu.js', 'Tavu', 8);
insert into event_summary (id, resourceURI, name, event_list_id) values (35, 'istockphoto.com/eu/orci/mauris/lacinia/sapien/quis/libero.png', 'Mudo', 8);
insert into event_summary (id, resourceURI, name, event_list_id) values (36, 'parallels.com/vulputate/justo/in/blandit/ultrices/enim/lorem.jpg', 'Dabjam', 4);
insert into event_summary (id, resourceURI, name, event_list_id) values (37, 'jigsy.com/feugiat/et/eros/vestibulum/ac/est/lacinia.png', 'Kwideo', 1);
insert into event_summary (id, resourceURI, name, event_list_id) values (38, 'microsoft.com/semper.json', 'Oyoyo', 16);
insert into event_summary (id, resourceURI, name, event_list_id) values (39, 'shop-pro.jp/hac/habitasse/platea.xml', 'Cogibox', 6);
insert into event_summary (id, resourceURI, name, event_list_id) values (40, 'theatlantic.com/nisi.json', 'Twitterlist', 9);
insert into series_list (id, available, returned, collection_uri, character_id) values (1, 7504, 613, 'rakuten.co.jp/ligula/nec/sem.json', 1);
insert into series_list (id, available, returned, collection_uri, character_id) values (2, 15310, 13, 'omniture.com/nisi/eu/orci/mauris/lacinia/sapien.js', 2);
insert into series_list (id, available, returned, collection_uri, character_id) values (3, 6634, 123, 'mail.ru/enim.js', 3);
insert into series_list (id, available, returned, collection_uri, character_id) values (4, 5381, 484, 'nature.com/aliquet/maecenas/leo/odio.xml', 4);
insert into series_list (id, available, returned, collection_uri, character_id) values (5, 14127, 427, 'csmonitor.com/sed/nisl/nunc/rhoncus.jpg', 5);
insert into series_list (id, available, returned, collection_uri, character_id) values (6, 19384, 446, 'squarespace.com/suspendisse/potenti/nullam/porttitor/lacus/at/turpis.xml', 6);
insert into series_list (id, available, returned, collection_uri, character_id) values (7, 18553, 837, 'webs.com/non/mi/integer.png', 7);
insert into series_list (id, available, returned, collection_uri, character_id) values (8, 6382, 586, 'salon.com/luctus/et.png', 8);
insert into series_list (id, available, returned, collection_uri, character_id) values (9, 3929, 522, 'reference.com/morbi/non.png', 9);
insert into series_list (id, available, returned, collection_uri, character_id) values (10, 18711, 648, 'google.cn/arcu.jsp', 10);
insert into series_list (id, available, returned, collection_uri, character_id) values (11, 9113, 380, 'java.com/aliquam/erat/volutpat/in/congue/etiam.png', 11);
insert into series_list (id, available, returned, collection_uri, character_id) values (12, 11992, 327, 'acquirethisname.com/primis/in/faucibus/orci/luctus.aspx', 12);
insert into series_list (id, available, returned, collection_uri, character_id) values (13, 6592, 944, 'oracle.com/integer/pede/justo/lacinia/eget/tincidunt.js', 13);
insert into series_list (id, available, returned, collection_uri, character_id) values (14, 2631, 244, 'google.com.au/dui/proin/leo/odio/porttitor.jpg', 14);
insert into series_list (id, available, returned, collection_uri, character_id) values (15, 13947, 774, 'histats.com/vel.jsp', 15);
insert into series_list (id, available, returned, collection_uri, character_id) values (16, 8933, 460, 'omniture.com/neque/sapien.jsp', 16);
insert into series_list (id, available, returned, collection_uri, character_id) values (17, 11689, 349, 'spiegel.de/suspendisse/potenti/in/eleifend/quam.png', 17);
insert into series_list (id, available, returned, collection_uri, character_id) values (18, 10195, 534, 'nationalgeographic.com/lorem/quisque.jpg', 18);
insert into series_list (id, available, returned, collection_uri, character_id) values (19, 9249, 639, 'networkadvertising.org/sed/augue/aliquam/erat/volutpat/in.jsp', 19);
insert into series_list (id, available, returned, collection_uri, character_id) values (20, 19735, 957, '1688.com/rutrum.xml', 20);
insert into series_summary (id, resourceURI, name, series_list_id) values (1, 'reddit.com/fermentum/donec/ut/mauris/eget/massa.js', 'Meevee', 14);
insert into series_summary (id, resourceURI, name, series_list_id) values (2, 'naver.com/suspendisse/accumsan/tortor/quis.png', 'Mynte', 14);
insert into series_summary (id, resourceURI, name, series_list_id) values (3, 'nsw.gov.au/accumsan.json', 'Nlounge', 17);
insert into series_summary (id, resourceURI, name, series_list_id) values (4, 'sciencedaily.com/placerat.json', 'Katz', 16);
insert into series_summary (id, resourceURI, name, series_list_id) values (5, 'weebly.com/et/eros/vestibulum/ac/est.json', 'Kaymbo', 19);
insert into series_summary (id, resourceURI, name, series_list_id) values (6, 'oracle.com/mauris/laoreet/ut/rhoncus.json', 'Wikizz', 1);
insert into series_summary (id, resourceURI, name, series_list_id) values (7, 'wiley.com/sit/amet.aspx', 'Yata', 9);
insert into series_summary (id, resourceURI, name, series_list_id) values (8, 'google.ca/justo.js', 'Photofeed', 2);
insert into series_summary (id, resourceURI, name, series_list_id) values (9, 'nationalgeographic.com/rhoncus/dui/vel/sem/sed.png', 'Linktype', 13);
insert into series_summary (id, resourceURI, name, series_list_id) values (10, 'wsj.com/diam/erat/fermentum/justo/nec/condimentum.jsp', 'Jabbertype', 14);
insert into series_summary (id, resourceURI, name, series_list_id) values (11, 'unesco.org/quisque/arcu/libero/rutrum.jsp', 'Agimba', 8);
insert into series_summary (id, resourceURI, name, series_list_id) values (12, 'google.com.au/vitae.aspx', 'Topicblab', 20);
insert into series_summary (id, resourceURI, name, series_list_id) values (13, 'mit.edu/suspendisse/potenti.json', 'Avamm', 18);
insert into series_summary (id, resourceURI, name, series_list_id) values (14, 'desdev.cn/orci/mauris.json', 'Camido', 14);
insert into series_summary (id, resourceURI, name, series_list_id) values (15, 'mapquest.com/lectus/pellentesque/at/nulla/suspendisse/potenti/cras.jsp', 'Photobug', 13);
insert into series_summary (id, resourceURI, name, series_list_id) values (16, 'patch.com/parturient.aspx', 'Yakidoo', 19);
insert into series_summary (id, resourceURI, name, series_list_id) values (17, 'wordpress.com/feugiat/et/eros.jpg', 'Cogilith', 5);
insert into series_summary (id, resourceURI, name, series_list_id) values (18, 'taobao.com/sed/sagittis.json', 'Mynte', 16);
insert into series_summary (id, resourceURI, name, series_list_id) values (19, 'disqus.com/ornare/consequat/lectus/in/est.json', 'Browsedrive', 4);
insert into series_summary (id, resourceURI, name, series_list_id) values (20, 'usgs.gov/id.aspx', 'Skipfire', 17);
insert into series_summary (id, resourceURI, name, series_list_id) values (21, 'mysql.com/curabitur/gravida/nisi/at/nibh/in.xml', 'Kwideo', 2);
insert into series_summary (id, resourceURI, name, series_list_id) values (22, 'indiatimes.com/ut/erat/curabitur/gravida/nisi.aspx', 'Aivee', 16);
insert into series_summary (id, resourceURI, name, series_list_id) values (23, 'go.com/pede/libero/quis/orci/nullam.xml', 'Oyondu', 12);
insert into series_summary (id, resourceURI, name, series_list_id) values (24, 'ucoz.com/parturient.js', 'Yabox', 3);
insert into series_summary (id, resourceURI, name, series_list_id) values (25, 'examiner.com/sed/ante/vivamus/tortor.json', 'Skimia', 1);
insert into series_summary (id, resourceURI, name, series_list_id) values (26, 'yelp.com/lacinia/sapien/quis/libero/nullam/sit/amet.xml', 'Babbleset', 15);
insert into series_summary (id, resourceURI, name, series_list_id) values (27, 'webeden.co.uk/platea/dictumst.jpg', 'BlogXS', 13);
insert into series_summary (id, resourceURI, name, series_list_id) values (28, 'nydailynews.com/in/libero/ut/massa/volutpat/convallis/morbi.jsp', 'Buzzshare', 9);
insert into series_summary (id, resourceURI, name, series_list_id) values (29, 'google.pl/donec/ut/mauris/eget/massa/tempor/convallis.jsp', 'Browsebug', 12);
insert into series_summary (id, resourceURI, name, series_list_id) values (30, 't-online.de/justo/pellentesque/viverra/pede/ac/diam.aspx', 'Skipfire', 5);
insert into series_summary (id, resourceURI, name, series_list_id) values (31, 'soundcloud.com/penatibus/et/magnis/dis.html', 'Geba', 3);
insert into series_summary (id, resourceURI, name, series_list_id) values (32, 'wikia.com/ligula/nec/sem/duis/aliquam/convallis/nunc.html', 'Devpoint', 17);
insert into series_summary (id, resourceURI, name, series_list_id) values (33, 'joomla.org/mauris/eget/massa/tempor.jpg', 'Fivechat', 2);
insert into series_summary (id, resourceURI, name, series_list_id) values (34, 'mashable.com/eget/eros/elementum/pellentesque/quisque.jsp', 'Photobean', 3);
insert into series_summary (id, resourceURI, name, series_list_id) values (35, 'virginia.edu/maecenas/tincidunt/lacus/at.json', 'Katz', 17);
insert into series_summary (id, resourceURI, name, series_list_id) values (36, 'paypal.com/sit.js', 'Linkbridge', 4);
insert into series_summary (id, resourceURI, name, series_list_id) values (37, 'google.ca/nisi/eu/orci/mauris/lacinia.jsp', 'Centimia', 20);
insert into series_summary (id, resourceURI, name, series_list_id) values (38, 'shop-pro.jp/at/diam.jpg', 'Vipe', 8);
insert into series_summary (id, resourceURI, name, series_list_id) values (39, 'vimeo.com/elementum/nullam/varius/nulla/facilisi/cras/non.png', 'Digitube', 8);
insert into series_summary (id, resourceURI, name, series_list_id) values (40, 'harvard.edu/ipsum.png', 'Lazzy', 7);
